ano;regiao;estado;cod_municipio;municipio;cod_mesoregiao;cod_microregiao;cod_regiao_imadiata;cod_regiao_intermediaria;Semiárido;valor_bruto_agropecuaria;valor_bruto_industria;valor_bruto_servico;valor_bruto_administracao;valor_bruto_total;impostos;pib_preco_corrente;populacao;pib_per_capita
2016;Nordeste;Paraíba;2500106;Água Branca;2501;25007;250009;2503;Sim;4.429 ;2.721 ;18.732 ;46.057 ;71.939 ;3.182 ;75.121 ;10.172 ;7385,05
2016;Nordeste;Paraíba;2500205;Aguiar;2501;25005;250010;2503;Sim;4.931 ;2.181 ;10.268 ;25.408 ;42.788 ;1.560 ;44.348 ;5.567 ;7966,25
2016;Nordeste;Paraíba;2500304;Alagoa Grande;2503;25015;250005;2502;Sim;16.118 ;11.376 ;75.378 ;123.103 ;225.975 ;13.682 ;239.657 ;28.604 ;8378,43
2016;Nordeste;Paraíba;2500403;Alagoa Nova;2503;25015;250005;2502;Sim;80.031 ;24.667 ;46.472 ;89.564 ;240.734 ;10.124 ;250.857 ;20.596 ;12179,9
2016;Nordeste;Paraíba;2500502;Alagoinha;2503;25016;250002;2501;Sim;8.558 ;3.191 ;22.820 ;61.290 ;95.859 ;3.706 ;99.564 ;14.376 ;6925,74
2016;Nordeste;Paraíba;2500536;Alcantil;2502;25011;250005;2502;Sim;3.994 ;1.383 ;6.694 ;25.987 ;38.057 ;900 ;38.957 ;5.475 ;7115,44
2016;Nordeste;Paraíba;2500577;Algodão de Jandaíra;2503;25012;250005;2502;Sim;1.417 ;675 ;4.344 ;16.145 ;22.580 ;574 ;23.154 ;2.488 ;9306,27
2016;Nordeste;Paraíba;2500601;Alhandra;2504;25023;250001;2501;Não;27.741 ;91.387 ;484.574 ;100.635 ;704.336 ;159.665 ;864.001 ;19.412 ;44508,6
2016;Nordeste;Paraíba;2500700;São João do Rio do Peixe;2501;25002;250015;2504;Sim;9.396 ;6.401 ;59.294 ;78.767 ;153.858 ;14.335 ;168.193 ;17.934 ;9378,44
2016;Nordeste;Paraíba;2500734;Amparo;2502;25010;250008;2502;Sim;1.276 ;1.169 ;4.315 ;14.575 ;21.335 ;643 ;21.979 ;2.229 ;9860,38
2016;Nordeste;Paraíba;2500775;Aparecida;2501;25003;250014;2504;Sim;6.958 ;3.557 ;21.268 ;36.294 ;68.078 ;4.445 ;72.523 ;8.348 ;8687,49
2016;Nordeste;Paraíba;2500809;Araçagi;2503;25016;250002;2501;Sim;25.804 ;5.225 ;31.300 ;74.171 ;136.500 ;5.232 ;141.732 ;17.061 ;8307,35
2016;Nordeste;Paraíba;2500908;Arara;2503;25012;250002;2501;Sim;4.278 ;2.195 ;22.782 ;56.849 ;86.104 ;4.110 ;90.214 ;13.448 ;6708,35
2016;Nordeste;Paraíba;2501005;Araruna;2503;25013;250002;2501;Sim;10.350 ;5.936 ;42.079 ;90.217 ;148.582 ;6.310 ;154.892 ;20.237 ;7653,89
2016;Nordeste;Paraíba;2501104;Areia;2503;25015;250005;2502;Sim;23.120 ;15.306 ;61.523 ;93.526 ;193.475 ;14.275 ;207.750 ;22.940 ;9056,24
2016;Nordeste;Paraíba;2501153;Areia de Baraúnas;2501;25004;250009;2503;Sim;658 ;526 ;2.733 ;12.855 ;16.771 ;343 ;17.114 ;2.137 ;8008,34
2016;Nordeste;Paraíba;2501203;Areial;2503;25014;250005;2502;Sim;1.622 ;1.464 ;12.003 ;33.955 ;49.044 ;2.049 ;51.093 ;6.938 ;7364,21
2016;Nordeste;Paraíba;2501302;Aroeiras;2503;25019;250005;2502;Sim;8.231 ;3.793 ;34.024 ;85.774 ;131.822 ;5.303 ;137.125 ;19.178 ;7150,1
2016;Nordeste;Paraíba;2501351;Assunção;2502;25010;250005;2502;Sim;1.912 ;2.727 ;8.631 ;20.015 ;33.286 ;1.688 ;34.973 ;3.876 ;9023,06
2016;Nordeste;Paraíba;2501401;Baía da Traição;2504;25020;250003;2501;Não;14.355 ;2.162 ;18.541 ;39.789 ;74.848 ;2.558 ;77.405 ;8.951 ;8647,69
2016;Nordeste;Paraíba;2501500;Bananeiras;2503;25015;250002;2501;Sim;58.806 ;10.370 ;55.043 ;96.499 ;220.719 ;7.867 ;228.586 ;21.195 ;10784,91
2016;Nordeste;Paraíba;2501534;Baraúna;2502;25009;250006;2502;Sim;1.061 ;909 ;9.656 ;23.767 ;35.393 ;1.736 ;37.129 ;4.843 ;7666,51
2016;Nordeste;Paraíba;2501575;Barra de Santana;2502;25011;250005;2502;Sim;6.912 ;2.045 ;10.420 ;38.909 ;58.286 ;1.669 ;59.954 ;8.245 ;7271,61
2016;Nordeste;Paraíba;2501609;Barra de Santa Rosa;2503;25012;250006;2502;Sim;9.127 ;3.283 ;28.958 ;67.335 ;108.703 ;5.364 ;114.067 ;15.286 ;7462,16
2016;Nordeste;Paraíba;2501708;Barra de São Miguel;2502;25011;250005;2502;Sim;6.657 ;1.414 ;7.473 ;27.857 ;43.401 ;1.327 ;44.728 ;5.943 ;7526,2
2016;Nordeste;Paraíba;2501807;Bayeux;2504;25022;250001;2501;Não;7.711 ;121.762 ;554.025 ;412.075 ;1.095.574 ;130.835 ;1.226.409 ;96.583 ;12697,98
2016;Nordeste;Paraíba;2501906;Belém;2503;25016;250002;2501;Sim;5.824 ;13.778 ;47.444 ;73.102 ;140.148 ;14.105 ;154.253 ;17.640 ;8744,48
2016;Nordeste;Paraíba;2502003;Belém do Brejo do Cruz;2501;25001;250011;2503;Sim;4.651 ;2.395 ;14.659 ;34.957 ;56.661 ;2.585 ;59.246 ;7.334 ;8078,31
2016;Nordeste;Paraíba;2502052;Bernardino Batista;2501;25002;250014;2504;Sim;1.127 ;823 ;6.100 ;20.124 ;28.175 ;982 ;29.156 ;3.398 ;8580,47
2016;Nordeste;Paraíba;2502102;Boa Ventura;2501;25006;250010;2503;Sim;2.494 ;1.094 ;8.816 ;25.102 ;37.507 ;1.377 ;38.884 ;5.410 ;7187,37
2016;Nordeste;Paraíba;2502151;Boa Vista;2503;25017;250005;2502;Sim;8.465 ;51.292 ;20.966 ;34.169 ;114.892 ;11.186 ;126.078 ;6.986 ;18047,24
2016;Nordeste;Paraíba;2502201;Bom Jesus;2501;25002;250015;2504;Sim;1.583 ;1.080 ;6.326 ;15.384 ;24.373 ;966 ;25.340 ;2.550 ;9937,12
2016;Nordeste;Paraíba;2502300;Bom Sucesso;2501;25001;250011;2503;Sim;2.515 ;1.143 ;8.797 ;24.032 ;36.487 ;1.373 ;37.860 ;4.989 ;7588,64
2016;Nordeste;Paraíba;2502409;Bonito de Santa Fé;2501;25002;250015;2504;Sim;4.870 ;4.246 ;22.107 ;50.176 ;81.399 ;3.135 ;84.534 ;11.814 ;7155,41
2016;Nordeste;Paraíba;2502508;Boqueirão;2502;25011;250005;2502;Sim;16.898 ;11.379 ;51.613 ;78.126 ;158.016 ;13.194 ;171.210 ;17.757 ;9641,82
2016;Nordeste;Paraíba;2502607;Igaracy;2501;25005;250010;2503;Sim;4.751 ;2.024 ;11.304 ;30.709 ;48.788 ;1.680 ;50.468 ;6.182 ;8163,64
2016;Nordeste;Paraíba;2502706;Borborema;2503;25015;250002;2501;Sim;21.414 ;1.924 ;9.215 ;26.747 ;59.301 ;1.084 ;60.385 ;5.399 ;11184,42
2016;Nordeste;Paraíba;2502805;Brejo do Cruz;2501;25001;250011;2503;Sim;4.193 ;6.373 ;35.625 ;60.415 ;106.606 ;6.233 ;112.840 ;14.006 ;8056,52
2016;Nordeste;Paraíba;2502904;Brejo dos Santos;2501;25001;250011;2503;Sim;1.581 ;1.492 ;14.681 ;27.761 ;45.515 ;2.358 ;47.873 ;6.435 ;7439,41
2016;Nordeste;Paraíba;2503001;Caaporã;2504;25023;250001;2501;Não;21.889 ;75.077 ;66.106 ;107.080 ;270.152 ;36.263 ;306.416 ;21.717 ;14109,49
2016;Nordeste;Paraíba;2503100;Cabaceiras;2502;25011;250005;2502;Sim;6.567 ;2.211 ;10.192 ;25.210 ;44.180 ;2.478 ;46.658 ;5.511 ;8466,38
2016;Nordeste;Paraíba;2503209;Cabedelo;2504;25022;250001;2501;Não;7.127 ;426.650 ;1.283.697 ;373.485 ;2.090.959 ;397.320 ;2.488.279 ;66.858 ;37217,38
2016;Nordeste;Paraíba;2503308;Cachoeira dos Índios;2501;25002;250015;2504;Sim;4.998 ;3.247 ;41.599 ;40.894 ;90.737 ;10.347 ;101.084 ;10.191 ;9918,9
2016;Nordeste;Paraíba;2503407;Cacimba de Areia;2501;25004;250009;2503;Sim;3.193 ;1.030 ;5.842 ;18.328 ;28.393 ;836 ;29.229 ;3.731 ;7834,22
2016;Nordeste;Paraíba;2503506;Cacimba de Dentro;2503;25013;250002;2501;Sim;4.304 ;4.383 ;29.084 ;72.689 ;110.458 ;5.143 ;115.601 ;17.153 ;6739,42
2016;Nordeste;Paraíba;2503555;Cacimbas;2501;25007;250009;2503;Sim;1.993 ;2.000 ;10.479 ;33.397 ;47.869 ;1.510 ;49.379 ;7.148 ;6908,1
2016;Nordeste;Paraíba;2503605;Caiçara;2503;25016;250002;2501;Sim;3.902 ;2.191 ;15.925 ;33.154 ;55.172 ;2.265 ;57.437 ;7.288 ;7881,01
2016;Nordeste;Paraíba;2503704;Cajazeiras;2501;25002;250015;2504;Sim;15.574 ;70.466 ;560.269 ;255.527 ;901.836 ;145.097 ;1.046.932 ;61.816 ;16936,26
2016;Nordeste;Paraíba;2503753;Cajazeirinhas;2501;25003;250012;2503;Sim;2.743 ;937 ;4.642 ;18.477 ;26.799 ;703 ;27.502 ;3.181 ;8645,73
2016;Nordeste;Paraíba;2503803;Caldas Brandão;2503;25018;250001;2501;Sim;7.855 ;4.232 ;19.305 ;28.131 ;59.523 ;4.040 ;63.563 ;5.986 ;10618,53
2016;Nordeste;Paraíba;2503902;Camalaú;2502;25010;250007;2502;Sim;8.379 ;2.120 ;15.139 ;28.656 ;54.294 ;2.987 ;57.281 ;5.996 ;9553,15
2016;Nordeste;Paraíba;2504009;Campina Grande;2503;25017;250005;2502;Sim;20.826 ;1.692.214 ;3.894.430 ;1.725.524 ;7.332.994 ;1.040.117 ;8.373.111 ;407.754 ;20534,71
2016;Nordeste;Paraíba;2504033;Capim;2504;25020;250003;2501;Não;7.223 ;1.763 ;13.318 ;29.836 ;52.140 ;3.000 ;55.140 ;6.441 ;8560,72
2016;Nordeste;Paraíba;2504074;Caraúbas;2502;25011;250005;2502;Sim;3.195 ;898 ;6.064 ;19.878 ;30.035 ;976 ;31.011 ;4.143 ;7485,25
2016;Nordeste;Paraíba;2504108;Carrapateira;2501;25002;250015;2504;Sim;1.137 ;653 ;4.646 ;16.472 ;22.908 ;531 ;23.439 ;2.635 ;8895,22
2016;Nordeste;Paraíba;2504157;Casserengue;2503;25013;250002;2501;Sim;3.351 ;3.053 ;10.696 ;36.005 ;53.104 ;1.660 ;54.764 ;7.436 ;7364,7
2016;Nordeste;Paraíba;2504207;Catingueira;2501;25005;250009;2503;Sim;2.893 ;5.225 ;8.089 ;22.048 ;38.255 ;1.295 ;39.550 ;4.927 ;8027,18
2016;Nordeste;Paraíba;2504306;Catolé do Rocha;2501;25001;250011;2503;Sim;7.255 ;27.083 ;172.369 ;122.879 ;329.586 ;33.579 ;363.165 ;30.360 ;11961,95
2016;Nordeste;Paraíba;2504355;Caturité;2502;25011;250005;2502;Sim;6.708 ;6.899 ;9.669 ;25.027 ;48.303 ;3.022 ;51.325 ;4.810 ;10670,49
2016;Nordeste;Paraíba;2504405;Conceição;2501;25006;250010;2503;Sim;9.211 ;7.492 ;47.374 ;81.644 ;145.721 ;8.240 ;153.962 ;18.903 ;8144,83
2016;Nordeste;Paraíba;2504504;Condado;2501;25003;250012;2503;Sim;4.213 ;2.140 ;15.264 ;30.822 ;52.439 ;2.888 ;55.327 ;6.743 ;8205,16
2016;Nordeste;Paraíba;2504603;Conde;2504;25022;250001;2501;Não;26.659 ;136.011 ;225.066 ;114.617 ;502.352 ;90.211 ;592.563 ;24.380 ;24305,29
2016;Nordeste;Paraíba;2504702;Congo;2502;25010;250008;2502;Sim;6.185 ;1.644 ;14.751 ;22.752 ;45.334 ;3.138 ;48.472 ;4.785 ;10129,89
2016;Nordeste;Paraíba;2504801;Coremas;2501;25005;250009;2503;Sim;24.313 ;5.036 ;42.523 ;63.081 ;134.953 ;7.316 ;142.269 ;15.418 ;9227,46
2016;Nordeste;Paraíba;2504850;Coxixola;2502;25010;250008;2502;Sim;1.457 ;875 ;3.737 ;11.623 ;17.692 ;631 ;18.323 ;1.909 ;9598,32
2016;Nordeste;Paraíba;2504900;Cruz do Espírito Santo;2504;25021;250001;2501;Não;22.519 ;9.583 ;25.503 ;70.579 ;128.183 ;8.130 ;136.313 ;17.389 ;7839,03
2016;Nordeste;Paraíba;2505006;Cubati;2502;25009;250005;2502;Sim;5.858 ;2.651 ;13.114 ;32.716 ;54.339 ;2.430 ;56.769 ;7.234 ;7847,54
2016;Nordeste;Paraíba;2505105;Cuité;2503;25012;250006;2502;Sim;11.626 ;6.298 ;60.597 ;89.214 ;167.736 ;10.929 ;178.664 ;20.337 ;8785,18
2016;Nordeste;Paraíba;2505204;Cuitegi;2503;25016;250002;2501;Sim;3.686 ;2.688 ;12.041 ;31.868 ;50.282 ;1.961 ;52.243 ;6.815 ;7665,88
2016;Nordeste;Paraíba;2505238;Cuité de Mamanguape;2504;25020;250001;2501;Não;9.282 ;1.611 ;10.478 ;29.687 ;51.058 ;1.489 ;52.546 ;6.349 ;8276,28
2016;Nordeste;Paraíba;2505279;Curral de Cima;2504;25020;250003;2501;Não;7.207 ;1.196 ;6.829 ;24.468 ;39.700 ;1.026 ;40.726 ;5.238 ;7775,05
2016;Nordeste;Paraíba;2505303;Curral Velho;2501;25006;250010;2503;Sim;2.301 ;572 ;3.824 ;14.305 ;21.001 ;533 ;21.535 ;2.520 ;8545,52
2016;Nordeste;Paraíba;2505352;Damião;2503;25012;250006;2502;Sim;1.555 ;944 ;8.224 ;26.994 ;37.718 ;1.282 ;39.000 ;5.296 ;7363,97
2016;Nordeste;Paraíba;2505402;Desterro;2501;25007;250009;2503;Sim;2.655 ;1.899 ;18.066 ;34.156 ;56.776 ;3.388 ;60.164 ;8.280 ;7266,16
2016;Nordeste;Paraíba;2505501;Vista Serrana;2501;25003;250009;2503;Sim;621 ;1.164 ;7.694 ;18.850 ;28.330 ;1.436 ;29.766 ;3.777 ;7880,84
2016;Nordeste;Paraíba;2505600;Diamante;2501;25006;250010;2503;Sim;3.260 ;1.421 ;12.130 ;30.674 ;47.485 ;1.925 ;49.410 ;6.570 ;7520,57
2016;Nordeste;Paraíba;2505709;Dona Inês;2503;25013;250002;2501;Sim;6.466 ;2.098 ;16.964 ;49.229 ;74.757 ;2.762 ;77.519 ;10.419 ;7440,16
2016;Nordeste;Paraíba;2505808;Duas Estradas;2503;25016;250002;2501;Sim;3.972 ;1.992 ;8.633 ;19.929 ;34.526 ;1.785 ;36.311 ;3.606 ;10069,73
2016;Nordeste;Paraíba;2505907;Emas;2501;25005;250009;2503;Sim;3.209 ;978 ;5.805 ;18.362 ;28.354 ;789 ;29.143 ;3.507 ;8310,08
2016;Nordeste;Paraíba;2506004;Esperança;2503;25014;250005;2502;Sim;11.523 ;21.848 ;169.834 ;145.484 ;348.688 ;54.579 ;403.268 ;33.031 ;12208,76
2016;Nordeste;Paraíba;2506103;Fagundes;2503;25017;250005;2502;Sim;8.987 ;3.087 ;19.721 ;52.619 ;84.414 ;3.468 ;87.882 ;11.345 ;7746,3
2016;Nordeste;Paraíba;2506202;Frei Martinho;2502;25009;250006;2502;Sim;1.013 ;912 ;6.036 ;16.577 ;24.538 ;1.026 ;25.563 ;2.988 ;8555,3
2016;Nordeste;Paraíba;2506251;Gado Bravo;2503;25019;250005;2502;Sim;6.897 ;1.277 ;9.841 ;38.306 ;56.322 ;1.477 ;57.799 ;8.443 ;6845,75
2016;Nordeste;Paraíba;2506301;Guarabira;2503;25016;250002;2501;Sim;10.116 ;142.925 ;422.195 ;238.193 ;813.430 ;125.071 ;938.501 ;58.529 ;16034,81
2016;Nordeste;Paraíba;2506400;Gurinhém;2503;25018;250001;2501;Sim;9.931 ;13.087 ;38.327 ;63.142 ;124.487 ;7.262 ;131.749 ;14.126 ;9326,71
2016;Nordeste;Paraíba;2506509;Gurjão;2502;25011;250005;2502;Sim;2.739 ;1.722 ;6.397 ;18.027 ;28.884 ;1.130 ;30.014 ;3.407 ;8809,44
2016;Nordeste;Paraíba;2506608;Ibiara;2501;25006;250010;2503;Sim;3.700 ;1.899 ;10.890 ;27.534 ;44.024 ;2.034 ;46.058 ;5.949 ;7742,19
2016;Nordeste;Paraíba;2506707;Imaculada;2501;25007;250009;2503;Sim;4.017 ;2.094 ;14.249 ;50.157 ;70.517 ;2.274 ;72.791 ;11.792 ;6172,94
2016;Nordeste;Paraíba;2506806;Ingá;2503;25018;250005;2502;Sim;4.667 ;13.041 ;46.279 ;80.137 ;144.124 ;8.054 ;152.178 ;18.105 ;8405,32
2016;Nordeste;Paraíba;2506905;Itabaiana;2503;25018;250004;2501;Sim;16.928 ;13.492 ;107.113 ;102.497 ;240.031 ;18.615 ;258.647 ;24.519 ;10548,82
2016;Nordeste;Paraíba;2507002;Itaporanga;2501;25006;250010;2503;Sim;8.911 ;18.559 ;104.864 ;97.987 ;230.322 ;20.734 ;251.055 ;24.674 ;10174,89
2016;Nordeste;Paraíba;2507101;Itapororoca;2504;25020;250003;2501;Não;25.505 ;5.645 ;46.658 ;79.630 ;157.438 ;7.403 ;164.841 ;18.527 ;8897,34
2016;Nordeste;Paraíba;2507200;Itatuba;2503;25018;250005;2502;Sim;8.420 ;13.059 ;19.872 ;48.428 ;89.780 ;6.125 ;95.905 ;10.809 ;8872,69
2016;Nordeste;Paraíba;2507309;Jacaraú;2504;25020;250003;2501;Não;10.594 ;6.427 ;33.460 ;67.808 ;118.289 ;5.644 ;123.933 ;14.348 ;8637,62
2016;Nordeste;Paraíba;2507408;Jericó;2501;25001;250011;2503;Sim;5.112 ;2.068 ;15.629 ;33.613 ;56.422 ;2.398 ;58.820 ;7.730 ;7609,32
2016;Nordeste;Paraíba;2507507;João Pessoa;2504;25022;250001;2501;Não;16.828 ;3.128.045 ;9.732.570 ;3.449.506 ;16.326.950 ;2.389.906 ;18.716.855 ;801.718 ;23345,93
2016;Nordeste;Paraíba;2507606;Juarez Távora;2503;25018;250001;2501;Sim;2.426 ;2.552 ;13.521 ;36.744 ;55.243 ;1.944 ;57.187 ;7.901 ;7237,98
2016;Nordeste;Paraíba;2507705;Juazeirinho;2502;25009;250005;2502;Sim;7.208 ;7.739 ;43.564 ;78.022 ;136.534 ;8.272 ;144.806 ;18.061 ;8017,63
2016;Nordeste;Paraíba;2507804;Junco do Seridó;2502;25008;250005;2502;Sim;3.136 ;14.224 ;18.754 ;30.848 ;66.962 ;3.337 ;70.299 ;7.111 ;9885,94
2016;Nordeste;Paraíba;2507903;Juripiranga;2504;25021;250001;2501;Não;19.058 ;3.737 ;24.679 ;47.513 ;94.987 ;4.319 ;99.306 ;10.721 ;9262,75
2016;Nordeste;Paraíba;2508000;Juru;2501;25007;250013;2503;Sim;5.086 ;2.382 ;15.782 ;45.341 ;68.591 ;2.417 ;71.009 ;9.880 ;7187,13
2016;Nordeste;Paraíba;2508109;Lagoa;2501;25001;250012;2503;Sim;1.394 ;1.807 ;7.832 ;21.141 ;32.175 ;1.359 ;33.533 ;4.676 ;7171,37
2016;Nordeste;Paraíba;2508208;Lagoa de Dentro;2503;25016;250002;2501;Sim;6.699 ;2.248 ;17.355 ;37.655 ;63.956 ;2.653 ;66.609 ;7.645 ;8712,77
2016;Nordeste;Paraíba;2508307;Lagoa Seca;2503;25017;250005;2502;Sim;37.284 ;18.056 ;66.013 ;119.684 ;241.037 ;12.016 ;253.053 ;27.398 ;9236,18
2016;Nordeste;Paraíba;2508406;Lastro;2501;25003;250014;2504;Sim;1.280 ;880 ;5.471 ;15.339 ;22.970 ;700 ;23.670 ;2.745 ;8623,09
2016;Nordeste;Paraíba;2508505;Livramento;2502;25010;250008;2502;Sim;2.738 ;1.857 ;12.735 ;33.656 ;50.986 ;2.371 ;53.357 ;7.371 ;7238,78
2016;Nordeste;Paraíba;2508554;Logradouro;2503;25016;250002;2501;Sim;3.631 ;1.083 ;7.109 ;21.004 ;32.826 ;1.036 ;33.862 ;4.299 ;7876,8
2016;Nordeste;Paraíba;2508604;Lucena;2504;25022;250001;2501;Não;15.208 ;46.743 ;48.680 ;59.080 ;169.711 ;17.934 ;187.645 ;12.965 ;14473,22
2016;Nordeste;Paraíba;2508703;Mãe d'Água;2501;25004;250009;2503;Sim;1.020 ;812 ;6.539 ;20.594 ;28.965 ;912 ;29.877 ;4.017 ;7437,65
2016;Nordeste;Paraíba;2508802;Malta;2501;25003;250009;2503;Sim;2.407 ;3.033 ;12.750 ;26.589 ;44.778 ;2.726 ;47.504 ;5.668 ;8381
2016;Nordeste;Paraíba;2508901;Mamanguape;2504;25020;250003;2501;Não;56.897 ;89.148 ;227.704 ;181.948 ;555.696 ;56.492 ;612.188 ;44.694 ;13697,32
2016;Nordeste;Paraíba;2509008;Manaíra;2501;25007;250013;2503;Sim;3.281 ;2.570 ;16.888 ;46.375 ;69.115 ;2.238 ;71.352 ;11.094 ;6431,6
2016;Nordeste;Paraíba;2509057;Marcação;2504;25020;250003;2501;Não;23.738 ;1.724 ;11.193 ;37.552 ;74.207 ;1.436 ;75.644 ;8.475 ;8925,51
2016;Nordeste;Paraíba;2509107;Mari;2504;25021;250001;2501;Não;20.879 ;16.204 ;56.250 ;89.256 ;182.589 ;11.359 ;193.947 ;21.806 ;8894,22
2016;Nordeste;Paraíba;2509156;Marizópolis;2501;25003;250014;2504;Sim;2.213 ;2.261 ;15.729 ;29.634 ;49.837 ;2.756 ;52.592 ;6.569 ;8006,14
2016;Nordeste;Paraíba;2509206;Massaranduba;2503;25017;250005;2502;Sim;7.889 ;6.898 ;17.735 ;60.553 ;93.076 ;3.439 ;96.515 ;13.755 ;7016,72
2016;Nordeste;Paraíba;2509305;Mataraca;2504;25020;250003;2501;Não;10.841 ;125.119 ;37.520 ;46.693 ;220.173 ;17.211 ;237.384 ;8.345 ;28446,28
2016;Nordeste;Paraíba;2509339;Matinhas;2503;25015;250005;2502;Sim;12.055 ;1.359 ;7.013 ;22.054 ;42.481 ;1.106 ;43.586 ;4.517 ;9649,36
2016;Nordeste;Paraíba;2509370;Mato Grosso;2501;25001;250011;2503;Sim;991 ;789 ;4.774 ;15.020 ;21.574 ;673 ;22.247 ;2.892 ;7692,46
2016;Nordeste;Paraíba;2509396;Maturéia;2501;25007;250009;2503;Sim;2.280 ;1.375 ;10.955 ;30.876 ;45.487 ;1.731 ;47.218 ;6.516 ;7246,48
2016;Nordeste;Paraíba;2509404;Mogeiro;2503;25018;250004;2501;Sim;12.179 ;13.201 ;25.464 ;56.475 ;107.319 ;7.861 ;115.180 ;13.300 ;8660,12
2016;Nordeste;Paraíba;2509503;Montadas;2503;25014;250005;2502;Sim;2.030 ;14.531 ;12.107 ;27.391 ;56.059 ;5.437 ;61.496 ;5.611 ;10959,83
2016;Nordeste;Paraíba;2509602;Monte Horebe;2501;25002;250015;2504;Sim;1.766 ;970 ;7.282 ;22.494 ;32.512 ;985 ;33.496 ;4.793 ;6988,6
2016;Nordeste;Paraíba;2509701;Monteiro;2502;25010;250007;2502;Sim;14.449 ;21.843 ;235.903 ;143.406 ;415.601 ;33.717 ;449.318 ;33.039 ;13599,64
2016;Nordeste;Paraíba;2509800;Mulungu;2503;25016;250002;2501;Sim;10.487 ;4.393 ;11.284 ;40.273 ;66.437 ;2.164 ;68.602 ;9.882 ;6942,11
2016;Nordeste;Paraíba;2509909;Natuba;2503;25019;250004;2501;Sim;14.225 ;2.234 ;12.163 ;46.470 ;75.093 ;1.790 ;76.883 ;10.455 ;7353,7
2016;Nordeste;Paraíba;2510006;Nazarezinho;2501;25003;250014;2504;Sim;5.059 ;1.854 ;12.367 ;32.974 ;52.254 ;1.915 ;54.169 ;7.307 ;7413,3
2016;Nordeste;Paraíba;2510105;Nova Floresta;2503;25012;250006;2502;Sim;2.357 ;2.692 ;23.874 ;46.587 ;75.510 ;4.411 ;79.921 ;10.644 ;7508,59
2016;Nordeste;Paraíba;2510204;Nova Olinda;2501;25005;250010;2503;Sim;2.385 ;1.561 ;9.855 ;27.577 ;41.377 ;1.564 ;42.941 ;5.971 ;7191,55
2016;Nordeste;Paraíba;2510303;Nova Palmeira;2502;25009;250006;2502;Sim;1.683 ;2.289 ;8.435 ;24.917 ;37.324 ;1.478 ;38.802 ;4.849 ;8002,1
2016;Nordeste;Paraíba;2510402;Olho d'Água;2501;25005;250009;2503;Sim;4.160 ;1.899 ;11.110 ;26.249 ;43.418 ;1.834 ;45.252 ;6.578 ;6879,28
2016;Nordeste;Paraíba;2510501;Olivedos;2503;25012;250005;2502;Sim;2.551 ;1.328 ;6.519 ;20.649 ;31.047 ;1.118 ;32.165 ;3.916 ;8213,71
2016;Nordeste;Paraíba;2510600;Ouro Velho;2502;25010;250007;2502;Sim;3.604 ;1.039 ;7.092 ;16.780 ;28.516 ;1.179 ;29.694 ;3.033 ;9790,42
2016;Nordeste;Paraíba;2510659;Parari;2502;25010;250008;2502;Sim;1.291 ;583 ;3.460 ;11.463 ;16.797 ;657 ;17.454 ;1.782 ;9794,6
2016;Nordeste;Paraíba;2510709;Passagem;2501;25004;250009;2503;Sim;878 ;2.866 ;5.581 ;14.916 ;24.241 ;876 ;25.117 ;2.404 ;10448,12
2016;Nordeste;Paraíba;2510808;Patos;2501;25004;250009;2503;Sim;8.815 ;130.753 ;811.290 ;439.828 ;1.390.686 ;159.933 ;1.550.619 ;107.067 ;14482,69
2016;Nordeste;Paraíba;2510907;Paulista;2501;25003;250012;2503;Sim;12.489 ;10.416 ;26.945 ;50.310 ;100.159 ;6.390 ;106.549 ;12.263 ;8688,64
2016;Nordeste;Paraíba;2511004;Pedra Branca;2501;25006;250010;2503;Sim;1.964 ;1.177 ;6.911 ;19.102 ;29.154 ;1.239 ;30.394 ;3.800 ;7998,32
2016;Nordeste;Paraíba;2511103;Pedra Lavrada;2502;25009;250006;2502;Sim;3.812 ;14.368 ;13.345 ;41.149 ;72.676 ;2.873 ;75.548 ;8.053 ;9381,39
2016;Nordeste;Paraíba;2511202;Pedras de Fogo;2504;25023;250001;2501;Não;128.087 ;82.060 ;78.317 ;133.531 ;421.994 ;24.393 ;446.387 ;28.395 ;15720,61
2016;Nordeste;Paraíba;2511301;Piancó;2501;25005;250010;2503;Sim;13.504 ;9.244 ;56.740 ;79.548 ;159.035 ;9.121 ;168.156 ;16.039 ;10484,2
2016;Nordeste;Paraíba;2511400;Picuí;2502;25009;250006;2502;Sim;5.967 ;7.444 ;54.509 ;85.801 ;153.721 ;10.067 ;163.788 ;18.704 ;8756,85
2016;Nordeste;Paraíba;2511509;Pilar;2504;25021;250001;2501;Não;6.084 ;3.242 ;22.393 ;51.536 ;83.255 ;2.675 ;85.930 ;11.863 ;7243,53
2016;Nordeste;Paraíba;2511608;Pilões;2503;25015;250002;2501;Sim;12.353 ;2.084 ;12.481 ;31.166 ;58.084 ;2.165 ;60.249 ;6.667 ;9036,88
2016;Nordeste;Paraíba;2511707;Pilõezinhos;2503;25016;250002;2501;Sim;9.816 ;1.477 ;6.702 ;24.304 ;42.300 ;870 ;43.170 ;5.099 ;8466,28
2016;Nordeste;Paraíba;2511806;Pirpirituba;2503;25016;250002;2501;Sim;5.263 ;3.401 ;21.934 ;46.115 ;76.713 ;3.303 ;80.016 ;10.570 ;7570,07
2016;Nordeste;Paraíba;2511905;Pitimbu;2504;25023;250001;2501;Não;48.098 ;86.580 ;54.969 ;58.966 ;248.613 ;26.571 ;275.184 ;18.938 ;14530,78
2016;Nordeste;Paraíba;2512002;Pocinhos;2503;25012;250005;2502;Sim;66.148 ;16.972 ;46.564 ;84.579 ;214.263 ;8.408 ;222.671 ;18.451 ;12068,24
2016;Nordeste;Paraíba;2512036;Poço Dantas;2501;25002;250014;2504;Sim;1.237 ;901 ;5.474 ;21.077 ;28.689 ;877 ;29.566 ;3.774 ;7834,07
2016;Nordeste;Paraíba;2512077;Poço de José de Moura;2501;25002;250015;2504;Sim;2.917 ;1.386 ;8.095 ;24.112 ;36.511 ;1.197 ;37.708 ;4.282 ;8806,11
2016;Nordeste;Paraíba;2512101;Pombal;2501;25003;250012;2503;Sim;13.288 ;23.873 ;158.952 ;143.618 ;339.730 ;27.531 ;367.261 ;32.739 ;11217,86
2016;Nordeste;Paraíba;2512200;Prata;2502;25010;250007;2502;Sim;9.438 ;3.205 ;9.212 ;20.192 ;42.048 ;1.697 ;43.745 ;4.145 ;10553,68
2016;Nordeste;Paraíba;2512309;Princesa Isabel;2501;25007;250013;2503;Sim;25.524 ;10.697 ;69.320 ;91.417 ;196.958 ;12.916 ;209.874 ;23.247 ;9028
2016;Nordeste;Paraíba;2512408;Puxinanã;2503;25017;250005;2502;Sim;9.256 ;3.211 ;17.413 ;56.863 ;86.743 ;3.238 ;89.981 ;13.638 ;6597,8
2016;Nordeste;Paraíba;2512507;Queimadas;2503;25017;250005;2502;Sim;15.550 ;73.097 ;126.304 ;185.958 ;400.909 ;38.442 ;439.352 ;43.945 ;9997,76
2016;Nordeste;Paraíba;2512606;Quixaba;2501;25004;250009;2503;Sim;763 ;1.144 ;4.047 ;12.711 ;18.664 ;821 ;19.485 ;1.933 ;10080,12
2016;Nordeste;Paraíba;2512705;Remígio;2503;25012;250005;2502;Sim;8.002 ;6.099 ;51.292 ;75.354 ;140.746 ;9.853 ;150.599 ;19.368 ;7775,67
2016;Nordeste;Paraíba;2512721;Pedro Régis;2504;25020;250003;2501;Não;5.280 ;1.471 ;8.916 ;29.356 ;45.023 ;1.411 ;46.433 ;6.067 ;7653,39
2016;Nordeste;Paraíba;2512747;Riachão;2503;25013;250002;2501;Sim;1.948 ;757 ;5.975 ;19.210 ;27.890 ;908 ;28.798 ;3.570 ;8066,71
2016;Nordeste;Paraíba;2512754;Riachão do Bacamarte;2503;25018;250005;2502;Sim;1.195 ;1.240 ;10.898 ;23.919 ;37.253 ;1.777 ;39.030 ;4.503 ;8667,61
2016;Nordeste;Paraíba;2512762;Riachão do Poço;2504;25021;250001;2501;Não;3.702 ;1.302 ;9.694 ;24.366 ;39.064 ;1.727 ;40.791 ;4.481 ;9103,11
2016;Nordeste;Paraíba;2512788;Riacho de Santo Antônio;2502;25011;250005;2502;Sim;1.235 ;758 ;4.023 ;13.562 ;19.577 ;571 ;20.148 ;1.955 ;10305,89
2016;Nordeste;Paraíba;2512804;Riacho dos Cavalos;2501;25001;250011;2503;Sim;4.577 ;3.793 ;19.194 ;35.703 ;63.267 ;4.004 ;67.271 ;8.587 ;7834,02
2016;Nordeste;Paraíba;2512903;Rio Tinto;2504;25020;250003;2501;Não;45.741 ;29.059 ;63.910 ;105.777 ;244.487 ;15.177 ;259.664 ;24.090 ;10778,9
2016;Nordeste;Paraíba;2513000;Salgadinho;2502;25008;250009;2503;Sim;1.007 ;691 ;4.226 ;18.634 ;24.557 ;609 ;25.166 ;3.927 ;6408,49
2016;Nordeste;Paraíba;2513109;Salgado de São Félix;2503;25018;250004;2501;Sim;10.872 ;28.186 ;22.376 ;53.739 ;115.173 ;3.034 ;118.207 ;12.145 ;9733,02
2016;Nordeste;Paraíba;2513158;Santa Cecília;2503;25019;250005;2502;Sim;4.986 ;1.598 ;9.792 ;30.931 ;47.307 ;1.665 ;48.973 ;6.570 ;7453,98
2016;Nordeste;Paraíba;2513208;Santa Cruz;2501;25003;250014;2504;Sim;2.736 ;2.333 ;13.153 ;29.797 ;48.018 ;2.220 ;50.239 ;6.582 ;7632,75
2016;Nordeste;Paraíba;2513307;Santa Helena;2501;25002;250015;2504;Sim;6.374 ;1.835 ;10.082 ;27.368 ;45.659 ;1.577 ;47.235 ;5.902 ;8003,28
2016;Nordeste;Paraíba;2513356;Santa Inês;2501;25006;250010;2503;Sim;2.538 ;736 ;4.174 ;18.985 ;26.434 ;524 ;26.958 ;3.595 ;7498,77
2016;Nordeste;Paraíba;2513406;Santa Luzia;2502;25008;250009;2503;Sim;5.041 ;12.978 ;74.834 ;63.501 ;156.354 ;15.657 ;172.011 ;15.341 ;11212,47
2016;Nordeste;Paraíba;2513505;Santana de Mangueira;2501;25006;250010;2503;Sim;3.140 ;1.233 ;7.044 ;24.740 ;36.157 ;1.094 ;37.251 ;5.191 ;7176,06
2016;Nordeste;Paraíba;2513604;Santana dos Garrotes;2501;25005;250010;2503;Sim;5.225 ;2.014 ;11.212 ;30.325 ;48.777 ;1.720 ;50.496 ;7.067 ;7145,36
2016;Nordeste;Paraíba;2513653;Joca Claudino;2501;25002;250014;2504;Sim;808 ;984 ;5.221 ;16.495 ;23.508 ;773 ;24.282 ;2.685 ;9043,42
2016;Nordeste;Paraíba;2513703;Santa Rita;2504;25022;250001;2501;Não;88.955 ;536.493 ;697.242 ;558.968 ;1.881.659 ;299.414 ;2.181.073 ;135.915 ;16047,33
2016;Nordeste;Paraíba;2513802;Santa Teresinha;2501;25004;250009;2503;Sim;3.872 ;6.311 ;9.890 ;24.003 ;44.075 ;1.862 ;45.938 ;4.582 ;10025,71
2016;Nordeste;Paraíba;2513851;Santo André;2502;25011;250005;2502;Sim;1.875 ;627 ;4.774 ;14.221 ;21.496 ;865 ;22.361 ;2.529 ;8841,97
2016;Nordeste;Paraíba;2513901;São Bento;2501;25001;250011;2503;Sim;7.600 ;36.138 ;162.451 ;139.625 ;345.815 ;43.016 ;388.830 ;33.847 ;11487,88
2016;Nordeste;Paraíba;2513927;São Bentinho;2501;25003;250012;2503;Sim;2.432 ;4.072 ;9.324 ;22.669 ;38.497 ;2.912 ;41.410 ;4.497 ;9208,32
2016;Nordeste;Paraíba;2513943;São Domingos do Cariri;2502;25011;250005;2502;Sim;2.079 ;918 ;4.414 ;14.110 ;21.520 ;735 ;22.255 ;2.582 ;8619,26
2016;Nordeste;Paraíba;2513968;São Domingos;2501;25003;250012;2503;Sim;2.607 ;1.003 ;4.471 ;16.744 ;24.825 ;734 ;25.559 ;3.091 ;8268,97
2016;Nordeste;Paraíba;2513984;São Francisco;2501;25003;250014;2504;Sim;2.321 ;1.242 ;7.606 ;17.649 ;28.818 ;1.403 ;30.221 ;3.369 ;8970,41
2016;Nordeste;Paraíba;2514008;São João do Cariri;2502;25011;250005;2502;Sim;6.102 ;1.668 ;9.555 ;22.520 ;39.844 ;1.520 ;41.364 ;4.309 ;9599,51
2016;Nordeste;Paraíba;2514107;São João do Tigre;2502;25010;250007;2502;Sim;2.701 ;741 ;5.482 ;21.027 ;29.951 ;936 ;30.888 ;4.427 ;6977,09
2016;Nordeste;Paraíba;2514206;São José da Lagoa Tapada;2501;25003;250014;2504;Sim;4.122 ;2.624 ;12.804 ;32.906 ;52.455 ;2.524 ;54.979 ;7.678 ;7160,57
2016;Nordeste;Paraíba;2514305;São José de Caiana;2501;25006;250010;2503;Sim;3.452 ;1.271 ;7.317 ;26.812 ;38.852 ;1.270 ;40.121 ;6.256 ;6413,24
2016;Nordeste;Paraíba;2514404;São José de Espinharas;2501;25004;250009;2503;Sim;6.989 ;21.815 ;8.255 ;23.030 ;60.089 ;1.089 ;61.177 ;4.659 ;13130,96
2016;Nordeste;Paraíba;2514453;São José dos Ramos;2504;25021;250004;2501;Sim;3.947 ;1.565 ;7.671 ;29.380 ;42.564 ;1.830 ;44.394 ;5.920 ;7498,97
2016;Nordeste;Paraíba;2514503;São José de Piranhas;2501;25002;250015;2504;Sim;12.711 ;7.220 ;57.071 ;86.026 ;163.028 ;11.739 ;174.767 ;20.062 ;8711,36
2016;Nordeste;Paraíba;2514552;São José de Princesa;2501;25007;250013;2503;Sim;3.988 ;620 ;4.390 ;17.856 ;26.854 ;453 ;27.306 ;3.897 ;7007,03
2016;Nordeste;Paraíba;2514602;São José do Bonfim;2501;25004;250009;2503;Sim;1.214 ;913 ;5.425 ;15.730 ;23.282 ;1.029 ;24.310 ;3.530 ;6886,82
2016;Nordeste;Paraíba;2514651;São José do Brejo do Cruz;2501;25001;250011;2503;Sim;2.239 ;668 ;3.666 ;12.417 ;18.990 ;493 ;19.483 ;1.793 ;10865,97
2016;Nordeste;Paraíba;2514701;São José do Sabugi;2502;25008;250009;2503;Sim;2.994 ;1.938 ;12.282 ;21.504 ;38.717 ;3.208 ;41.926 ;4.135 ;10139,19
2016;Nordeste;Paraíba;2514800;São José dos Cordeiros;2502;25010;250008;2502;Sim;2.210 ;1.428 ;4.589 ;17.649 ;25.875 ;659 ;26.534 ;3.720 ;7132,8
2016;Nordeste;Paraíba;2514909;São Mamede;2502;25008;250009;2503;Sim;5.783 ;4.286 ;17.461 ;36.931 ;64.460 ;2.733 ;67.194 ;7.738 ;8683,59
2016;Nordeste;Paraíba;2515005;São Miguel de Taipu;2504;25021;250001;2501;Não;14.681 ;2.404 ;8.622 ;30.282 ;55.988 ;1.943 ;57.931 ;7.131 ;8123,78
2016;Nordeste;Paraíba;2515104;São Sebastião de Lagoa de Roça;2503;25014;250005;2502;Sim;5.147 ;2.981 ;16.434 ;52.786 ;77.348 ;2.693 ;80.041 ;11.762 ;6805,05
2016;Nordeste;Paraíba;2515203;São Sebastião do Umbuzeiro;2502;25010;250007;2502;Sim;3.594 ;835 ;6.319 ;16.688 ;27.436 ;1.014 ;28.449 ;3.469 ;8201,01
2016;Nordeste;Paraíba;2515302;Sapé;2504;25021;250001;2501;Não;58.658 ;24.586 ;209.492 ;215.434 ;508.170 ;45.899 ;554.069 ;52.463 ;10561,14
2016;Nordeste;Paraíba;2515401;São Vicente do Seridó;2502;25009;250005;2502;Sim;2.160 ;1.762 ;12.192 ;45.074 ;61.188 ;1.906 ;63.095 ;10.994 ;5739,01
2016;Nordeste;Paraíba;2515500;Serra Branca;2502;25010;250008;2502;Sim;5.102 ;4.637 ;39.754 ;57.529 ;107.021 ;6.654 ;113.676 ;13.637 ;8335,82
2016;Nordeste;Paraíba;2515609;Serra da Raiz;2503;25016;250002;2501;Sim;3.218 ;1.136 ;6.035 ;18.460 ;28.850 ;871 ;29.721 ;3.137 ;9474,27
2016;Nordeste;Paraíba;2515708;Serra Grande;2501;25006;250015;2504;Sim;19.114 ;887 ;5.913 ;16.537 ;42.450 ;920 ;43.371 ;3.089 ;14040,32
2016;Nordeste;Paraíba;2515807;Serra Redonda;2503;25017;250005;2502;Sim;3.726 ;5.619 ;10.532 ;31.425 ;51.302 ;1.847 ;53.149 ;7.036 ;7553,81
2016;Nordeste;Paraíba;2515906;Serraria;2503;25015;250002;2501;Sim;14.565 ;1.895 ;8.370 ;28.619 ;53.450 ;1.247 ;54.697 ;6.123 ;8932,99
2016;Nordeste;Paraíba;2515930;Sertãozinho;2503;25016;250002;2501;Sim;5.284 ;1.933 ;9.343 ;24.101 ;40.661 ;1.703 ;42.365 ;4.969 ;8525,83
2016;Nordeste;Paraíba;2515971;Sobrado;2504;25021;250001;2501;Não;10.521 ;9.548 ;19.290 ;34.179 ;73.538 ;4.581 ;78.120 ;7.754 ;10074,76
2016;Nordeste;Paraíba;2516003;Solânea;2503;25013;250002;2501;Sim;12.314 ;10.149 ;101.412 ;109.955 ;233.830 ;22.048 ;255.878 ;26.551 ;9637,23
2016;Nordeste;Paraíba;2516102;Soledade;2503;25012;250005;2502;Sim;17.261 ;10.785 ;60.889 ;66.799 ;155.734 ;12.024 ;167.758 ;14.853 ;11294,52
2016;Nordeste;Paraíba;2516151;Sossêgo;2503;25012;250006;2502;Sim;990 ;784 ;6.874 ;19.533 ;28.181 ;1.220 ;29.401 ;3.522 ;8347,88
2016;Nordeste;Paraíba;2516201;Sousa;2501;25003;250014;2504;Sim;25.647 ;102.793 ;510.717 ;280.383 ;919.540 ;128.895 ;1.048.435 ;69.196 ;15151,67
2016;Nordeste;Paraíba;2516300;Sumé;2502;25010;250008;2502;Sim;9.992 ;9.324 ;57.032 ;72.509 ;148.857 ;11.369 ;160.226 ;16.872 ;9496,57
2016;Nordeste;Paraíba;2516409;Tacima;2503;25013;250002;2501;Sim;5.937 ;1.743 ;15.867 ;46.713 ;70.259 ;2.236 ;72.496 ;10.896 ;6653,42
2016;Nordeste;Paraíba;2516508;Taperoá;2502;25010;250005;2502;Sim;9.307 ;4.463 ;34.100 ;61.776 ;109.646 ;4.625 ;114.271 ;15.193 ;7521,32
2016;Nordeste;Paraíba;2516607;Tavares;2501;25007;250013;2503;Sim;6.423 ;5.490 ;27.115 ;65.655 ;104.683 ;3.759 ;108.442 ;14.615 ;7419,91
2016;Nordeste;Paraíba;2516706;Teixeira;2501;25007;250009;2503;Sim;11.266 ;8.205 ;37.664 ;64.277 ;121.413 ;6.543 ;127.956 ;15.085 ;8482,34
2016;Nordeste;Paraíba;2516755;Tenório;2502;25009;250005;2502;Sim;1.208 ;2.789 ;5.713 ;16.900 ;26.609 ;930 ;27.539 ;3.039 ;9061,95
2016;Nordeste;Paraíba;2516805;Triunfo;2501;25002;250015;2504;Sim;8.919 ;4.510 ;17.546 ;39.370 ;70.345 ;2.742 ;73.087 ;9.465 ;7721,82
2016;Nordeste;Paraíba;2516904;Uiraúna;2501;25002;250014;2504;Sim;9.314 ;9.915 ;60.940 ;66.202 ;146.370 ;10.263 ;156.634 ;15.307 ;10232,82
2016;Nordeste;Paraíba;2517001;Umbuzeiro;2503;25019;250005;2502;Sim;5.565 ;1.663 ;17.515 ;42.175 ;66.918 ;2.634 ;69.552 ;9.901 ;7024,77
2016;Nordeste;Paraíba;2517100;Várzea;2502;25008;250009;2503;Sim;2.670 ;2.042 ;6.288 ;15.094 ;26.094 ;1.091 ;27.186 ;2.784 ;9765,02
2016;Nordeste;Paraíba;2517209;Vieirópolis;2501;25003;250014;2504;Sim;3.542 ;2.827 ;6.566 ;24.346 ;37.281 ;1.026 ;38.307 ;5.327 ;7191,08
2016;Nordeste;Paraíba;2517407;Zabelê;2502;25010;250007;2502;Sim;1.829 ;704 ;4.117 ;12.297 ;18.947 ;635 ;19.582 ;2.227 ;8793,02
